1,Fingerprint,0,2025-12-01,08:01:15,0
2,Fingerprint,0,2025-12-01,08:03:20,0
1,Fingerprint,1,2025-12-01,12:00:30,0
1,Fingerprint,0,2025-12-01,13:00:10,0
1,Fingerprint,1,2025-12-01,17:05:40,0
2,Fingerprint,1,2025-12-01,17:02:55,0
3,Fingerprint,0,2025-12-01,08:10:05,0
3,Fingerprint,1,2025-12-01,16:50:20,0
1,Fingerprint,0,2025-12-02,08:02:11,0
1,Fingerprint,1,2025-12-02,17:01:45,0
2,Fingerprint,0,2025-12-02,08:05:23,0
2,Fingerprint,1,2025-12-02,17:03:12,0
3,Fingerprint,0,2025-12-02,08:07:30,0
3,Fingerprint,1,2025-12-02,16:55:45,0