employee_code,log_time,log_type
EMP001,2025-12-01 08:00:00,IN
EMP001,2025-12-01 17:00:00,OUT
EMP002,2025-12-01 08:00:00,IN
EMP002,2025-12-01 17:00:00,OUT
EMP003,2025-12-01 08:00:00,IN
EMP003,2025-12-01 17:00:00,OUT
EMP001,2025-12-02 08:00:00,IN
EMP001,2025-12-02 17:00:00,OUT
EMP002,2025-12-02 08:00:00,IN
EMP002,2025-12-02 17:00:00,OUT
EMP003,2025-12-02 08:00:00,IN
EMP003,2025-12-02 17:00:00,OUT
EMP001,2025-12-03 08:00:00,IN
EMP001,2025-12-03 17:00:00,OUT
EMP002,2025-12-03 08:00:00,IN
EMP002,2025-12-03 17:00:00,OUT
EMP003,2025-12-03 08:00:00,IN
EMP003,2025-12-03 17:00:00,OUT
EMP001,2025-12-04 08:00:00,IN
EMP001,2025-12-04 17:00:00,OUT
EMP002,2025-12-04 08:00:00,IN
EMP002,2025-12-04 17:00:00,OUT
EMP003,2025-12-04 08:00:00,IN
EMP003,2025-12-04 17:00:00,OUT
EMP001,2025-12-05 08:00:00,IN
EMP001,2025-12-05 17:00:00,OUT
EMP002,2025-12-05 08:00:00,IN
EMP002,2025-12-05 17:00:00,OUT
EMP003,2025-12-05 08:00:00,IN
EMP003,2025-12-05 17:00:00,OUT
